Location,Sex,Incidence,Deaths,GDP_Per_Capita_2006,GDP_Per_Capita_2016,GDP_Per_Capita_Change,CPI_2006,CPI_2016,CPI_Change,PM2_5_2006,PM2_5_2016,PM2_5_Change,Population_2006,Population_2016,Population_Change
Afghanistan,Male,0.394800723,0.421764884,263.73,547.23,1.07496303,76.439,138.709,0.814636508,64.52,56.29,-0.127557347,26433049,35383128,0.338594273
Afghanistan,Female,0.557023195,0.587455548,263.73,547.23,1.07496303,76.439,138.709,0.814636508,64.52,56.29,-0.127557347,26433049,35383128,0.338594273
Afghanistan,Both,0.435828704,0.462940021,263.73,547.23,1.07496303,76.439,138.709,0.814636508,64.52,56.29,-0.127557347,26433049,35383128,0.338594273
Albania,Male,0.182179779,0.183579544,2972.74,4124.11,0.387309351,78.73,100.2,0.272704179,21.58,18.19,-0.157089898,2992547,2876101,-0.038912004
Albania,Female,0.14640737,0.137196474,2972.74,4124.11,0.387309351,78.73,100.2,0.272704179,21.58,18.19,-0.157089898,2992547,2876101,-0.038912004
Albania,Both,0.175186777,0.174414267,2972.74,4124.11,0.387309351,78.73,100.2,0.272704179,21.58,18.19,-0.157089898,2992547,2876101,-0.038912004
Algeria,Male,0.338102445,0.319242631,3478.82,3946.42,0.134413393,83.717,134.815,0.610365876,35.86,39.85,0.111266035,33641002,40551404,0.205416057
Algeria,Female,0.593384146,0.578562281,3478.82,3946.42,0.134413393,83.717,134.815,0.610365876,35.86,39.85,0.111266035,33641002,40551404,0.205416057
Algeria,Both,0.388149436,0.369028789,3478.82,3946.42,0.134413393,83.717,134.815,0.610365876,35.86,39.85,0.111266035,33641002,40551404,0.205416057
Andorra,Male,0.279129572,0.232836726,43747.69,37224.11,-0.149118273,113,132,0.168141593,12.96,10.26,-0.208333333,80993,77297,-0.045633573
Andorra,Female,0.322238832,0.283935798,43747.69,37224.11,-0.149118273,113,132,0.168141593,12.96,10.26,-0.208333333,80993,77297,-0.045633573
Andorra,Both,0.291285012,0.246188315,43747.69,37224.11,-0.149118273,113,132,0.168141593,12.96,10.26,-0.208333333,80993,77297,-0.045633573
Angola,Male,0.470048599,0.570655504,3478.82,3506.07,0.007833116,164.038,141.155,-0.139498165,34.96,31.79,-0.090675057,20149901,28842484,0.431395817
Angola,Female,0.561801379,0.628239891,3478.82,3506.07,0.007833116,164.038,141.155,-0.139498165,34.96,31.79,-0.090675057,20149901,28842484,0.431395817
Angola,Both,0.504868634,0.593527725,3478.82,3506.07,0.007833116,164.038,141.155,-0.139498165,34.96,31.79,-0.090675057,20149901,28842484,0.431395817
Argentina,Male,0.050768751,0.039914426,5919.01,12790.24,1.160874876,148.53,100,-0.32673534,16.4,13.75,-0.161585366,39289878,43590368,0.109455417
Argentina,Female,0.372265181,0.353498215,5919.01,12790.24,1.160874876,148.53,100,-0.32673534,16.4,13.75,-0.161585366,39289878,43590368,0.109455417
Argentina,Both,0.138277496,0.125649922,5919.01,12790.24,1.160874876,148.53,100,-0.32673534,16.4,13.75,-0.161585366,39289878,43590368,0.109455417
Armenia,Male,-0.033057684,-0.051903179,2158.14,3591.83,0.664317421,78.589,123.015,0.565295398,37.07,32.23,-0.130563798,2958307,2936146,-0.007491109
Armenia,Female,0.091681866,0.080587886,2158.14,3591.83,0.664317421,78.589,123.015,0.565295398,37.07,32.23,-0.130563798,2958307,2936146,-0.007491109
Armenia,Both,-0.012452645,-0.030101989,2158.14,3591.83,0.664317421,78.589,123.015,0.565295398,37.07,32.23,-0.130563798,2958307,2936146,-0.007491109
Australia,Male,0.352078607,0.147050703,36044.92,49971.13,0.386357079,89.412,113.476,0.269136134,10.6,8.61,-0.187735849,20697900,24190907,0.16876142
Australia,Female,0.451982092,0.278249547,36044.92,49971.13,0.386357079,89.412,113.476,0.269136134,10.6,8.61,-0.187735849,20697900,24190907,0.16876142
Australia,Both,0.389880586,0.194720867,36044.92,49971.13,0.386357079,89.412,113.476,0.269136134,10.6,8.61,-0.187735849,20697900,24190907,0.16876142
Austria,Male,0.143274449,0.025752528,40635.28,45237.81,0.113264385,92.67,111.675,0.205082551,15.59,12.6,-0.191789609,8268641,8736668,0.056602651
Austria,Female,0.402873843,0.253555974,40635.28,45237.81,0.113264385,92.67,111.675,0.205082551,15.59,12.6,-0.191789609,8268641,8736668,0.056602651
Austria,Both,0.231978811,0.098875043,40635.28,45237.81,0.113264385,92.67,111.675,0.205082551,15.59,12.6,-0.191789609,8268641,8736668,0.056602651
Azerbaijan,Male,0.522097942,0.454299971,2473.08,3880.74,0.569193071,66.124,132.388,1.002117234,22.87,20.21,-0.116309576,8484550,9757812,0.150068301
Azerbaijan,Female,0.457187507,0.390347416,2473.08,3880.74,0.569193071,66.124,132.388,1.002117234,22.87,20.21,-0.116309576,8484550,9757812,0.150068301
Azerbaijan,Both,0.509522481,0.441815983,2473.08,3880.74,0.569193071,66.124,132.388,1.002117234,22.87,20.21,-0.116309576,8484550,9757812,0.150068301
Bahrain,Male,0.337402977,0.299255955,19307.61,22619.12,0.171513201,89.253,113.613,0.272932002,64.59,69.86,0.081591578,958418,1425971,0.487838292
Bahrain,Female,0.471123506,0.405734211,19307.61,22619.12,0.171513201,89.253,113.613,0.272932002,64.59,69.86,0.081591578,958418,1425971,0.487838292
Bahrain,Both,0.373154171,0.326893875,19307.61,22619.12,0.171513201,89.253,113.613,0.272932002,64.59,69.86,0.081591578,958418,1425971,0.487838292
Bangladesh,Male,0.96541803,0.742330741,499.46,1401.62,1.806270772,73.831,152.529,1.065920819,68.87,60.13,-0.126905764,140921167,157970840,0.120987311
Bangladesh,Female,1.321084676,1.14273949,499.46,1401.62,1.806270772,73.831,152.529,1.065920819,68.87,60.13,-0.126905764,140921167,157970840,0.120987311
Bangladesh,Both,1.038845817,0.820235878,499.46,1401.62,1.806270772,73.831,152.529,1.065920819,68.87,60.13,-0.126905764,140921167,157970840,0.120987311
Barbados,Male,0.201341025,0.161194057,15199.28,16936.91,0.114323178,81.066,118.713,0.464399378,28.48,23.46,-0.176264045,277477,285976,0.030629566
Barbados,Female,0.422032453,0.425483383,15199.28,16936.91,0.114323178,81.066,118.713,0.464399378,28.48,23.46,-0.176264045,277477,285976,0.030629566
Barbados,Both,0.270430654,0.245348594,15199.28,16936.91,0.114323178,81.066,118.713,0.464399378,28.48,23.46,-0.176264045,277477,285976,0.030629566
Belarus,Male,-0.133698847,-0.172464701,3847.43,5022.63,0.305450651,1141,7469,5.54601227,22.87,18.88,-0.174464364,9604924,9501534,-0.01076427
Belarus,Female,0.091527867,-0.005764379,3847.43,5022.63,0.305450651,1141,7469,5.54601227,22.87,18.88,-0.174464364,9604924,9501534,-0.01076427
Belarus,Both,-0.10787523,-0.153442038,3847.43,5022.63,0.305450651,1141,7469,5.54601227,22.87,18.88,-0.174464364,9604924,9501534,-0.01076427
Belgium,Male,0.116850793,0.029731639,38672.71,42012.1,0.086350039,92.025,110.774,0.203738115,15.44,12.83,-0.169041451,10547958,11331422,0.074276367
Belgium,Female,0.375323159,0.245992973,38672.71,42012.1,0.086350039,92.025,110.774,0.203738115,15.44,12.83,-0.169041451,10547958,11331422,0.074276367
Belgium,Both,0.179359153,0.079338953,38672.71,42012.1,0.086350039,92.025,110.774,0.203738115,15.44,12.83,-0.169041451,10547958,11331422,0.074276367
Belize,Male,0.440283804,0.454843734,7811.936,10281.909,0.31617937,113,134,0.185840708,28.29,23.07,-0.184517497,291329,368400,0.264549702
Belize,Female,0.629278833,0.647888166,7811.936,10281.909,0.31617937,113,134,0.185840708,28.29,23.07,-0.184517497,291329,368400,0.264549702
Belize,Both,0.488293838,0.501839715,7811.936,10281.909,0.31617937,113,134,0.185840708,28.29,23.07,-0.184517497,291329,368400,0.264549702
Benin,Male,0.477307207,0.536922392,855.294,1087.288,0.271244742,88.681,108.866,0.227613581,34.33,38.45,0.120011652,8216897,10872067,0.323135364
Benin,Female,0.511184743,0.564087728,855.294,1087.288,0.271244742,88.681,108.866,0.227613581,34.33,38.45,0.120011652,8216897,10872067,0.323135364
Benin,Both,0.488045726,0.545345768,855.294,1087.288,0.271244742,88.681,108.866,0.227613581,34.33,38.45,0.120011652,8216897,10872067,0.323135364
Bermuda,Male,0.035813513,-0.0074244,83912.698,99400,0.184564462,116,148,0.275862069,14.78,11.66,-0.211096076,64523,64554,0.000480449
Bermuda,Female,-0.033269967,-0.103252638,83912.698,99400,0.184564462,116,148,0.275862069,14.78,11.66,-0.211096076,64523,64554,0.000480449
Bermuda,Both,0.013531602,-0.040038643,83912.698,99400,0.184564462,116,148,0.275862069,14.78,11.66,-0.211096076,64523,64554,0.000480449
Bhutan,Male,0.585863043,0.58233895,78.588,150.951,0.920789434,78.588,150.951,0.920789434,43.02,37.22,-0.134821013,657410,736709,0.120623355
Bhutan,Female,0.503213763,0.475444378,78.588,150.951,0.920789434,78.588,150.951,0.920789434,43.02,37.22,-0.134821013,657410,736709,0.120623355
Bhutan,Both,0.558776965,0.547561845,78.588,150.951,0.920789434,78.588,150.951,0.920789434,43.02,37.22,-0.134821013,657410,736709,0.120623355
Bolivia,Male,0.380586842,0.418574186,1218.874,3076.659,1.524181335,76.17,138.494,0.818222397,29.4,21.39,-0.27244898,9395446,11031813,0.174165974
Bolivia,Female,0.426261059,0.487706398,1218.874,3076.659,1.524181335,76.17,138.494,0.818222397,29.4,21.39,-0.27244898,9395446,11031813,0.174165974
Bolivia,Both,0.399820868,0.447401185,1218.874,3076.659,1.524181335,76.17,138.494,0.818222397,29.4,21.39,-0.27244898,9395446,11031813,0.174165974
Botswana,Male,0.161961172,0.175789417,5516.039,7243.853,0.313234551,71.721,136.623,0.904923244,25.07,23.63,-0.05743917,1835908,2159944,0.17649904
Botswana,Female,0.217824968,0.212998701,5516.039,7243.853,0.313234551,71.721,136.623,0.904923244,25.07,23.63,-0.05743917,1835908,2159944,0.17649904
Botswana,Both,0.1760163,0.184876042,5516.039,7243.853,0.313234551,71.721,136.623,0.904923244,25.07,23.63,-0.05743917,1835908,2159944,0.17649904
Brazil,Male,0.204815017,0.206031903,5886.464,8710.097,0.47968237,82.871,150.483,0.815870449,15.6,12.66,-0.188461538,188167356,206163058,0.095636684
Brazil,Female,0.425691201,0.434204486,5886.464,8710.097,0.47968237,82.871,150.483,0.815870449,15.6,12.66,-0.188461538,188167356,206163058,0.095636684
Brazil,Both,0.287884471,0.290791561,5886.464,8710.097,0.47968237,82.871,150.483,0.815870449,15.6,12.66,-0.188461538,188167356,206163058,0.095636684
Brunei,Male,0.970136128,0.777559354,30979.879,27157.823,-0.123372206,95.683,99.693,0.041909221,7.24,5.93,-0.180939227,370263,419800,0.133788685
Brunei,Female,1.042481662,0.795433643,30979.879,27157.823,-0.123372206,95.683,99.693,0.041909221,7.24,5.93,-0.180939227,370263,419800,0.133788685
Brunei,Both,1.000032885,0.784702848,30979.879,27157.823,-0.123372206,95.683,99.693,0.041909221,7.24,5.93,-0.180939227,370263,419800,0.133788685
Bulgaria,Male,-0.071441287,-0.086960117,4523.051,7545.79,0.668296466,78.007,105.756,0.355724486,23.27,19.28,-0.171465406,7601022,7127822,-0.062254786
Bulgaria,Female,0.106196236,0.094913394,4523.051,7545.79,0.668296466,78.007,105.756,0.355724486,23.27,19.28,-0.171465406,7601022,7127822,-0.062254786
Bulgaria,Both,-0.041040249,-0.055129629,4523.051,7545.79,0.668296466,78.007,105.756,0.355724486,23.27,19.28,-0.171465406,7601022,7127822,-0.062254786
Burkina Faso,Male,0.41900579,0.476092871,473.029,687.67,0.453758649,88.953,108.227,0.216676222,39.34,41.54,0.055922725,13829176,18646378,0.348336155
Burkina Faso,Female,0.347188959,0.387824212,473.029,687.67,0.453758649,88.953,108.227,0.216676222,39.34,41.54,0.055922725,13829176,18646378,0.348336155
Burkina Faso,Both,0.39098984,0.440875196,473.029,687.67,0.453758649,88.953,108.227,0.216676222,39.34,41.54,0.055922725,13829176,18646378,0.348336155
Burundi,Male,0.445709084,0.53376356,167.376,282.193,0.685982459,62.976,162.584,1.581681911,40.15,38.65,-0.0373599,7607849,10487998,0.378575994
Burundi,Female,0.464755582,0.507568353,167.376,282.193,0.685982459,62.976,162.584,1.581681911,40.15,38.65,-0.0373599,7607849,10487998,0.378575994
Burundi,Both,0.452337806,0.52478544,167.376,282.193,0.685982459,62.976,162.584,1.581681911,40.15,38.65,-0.0373599,7607849,10487998,0.378575994
Cambodia,Male,0.389276348,0.503172666,539.75,1269.591,1.352183418,71.924,121.071,0.683318503,31.41,25.2,-0.197707736,13477709,15766293,0.16980512
Cambodia,Female,0.337032993,0.412520786,539.75,1269.591,1.352183418,71.924,121.071,0.683318503,31.41,25.2,-0.197707736,13477709,15766293,0.16980512
Cambodia,Both,0.373905879,0.476961725,539.75,1269.591,1.352183418,71.924,121.071,0.683318503,31.41,25.2,-0.197707736,13477709,15766293,0.16980512
Cameroon,Male,0.245011585,0.305175357,1062.137,1364.33,0.284514145,90.138,113.845,0.263007832,63.45,73.21,0.153821907,18223674,23926539,0.312937172
Cameroon,Female,0.226894195,0.251531793,1062.137,1364.33,0.284514145,90.138,113.845,0.263007832,63.45,73.21,0.153821907,18223674,23926539,0.312937172
Cameroon,Both,0.239161193,0.287910737,1062.137,1364.33,0.284514145,90.138,113.845,0.263007832,63.45,73.21,0.153821907,18223674,23926539,0.312937172
Canada,Male,0.169859066,0.093820971,40385.87,42322.485,0.047952786,93.689,110.225,0.176498842,8.5,6.55,-0.229411765,32571174,36109487,0.108633266
Canada,Female,0.263266502,0.154847492,40385.87,42322.485,0.047952786,93.689,110.225,0.176498842,8.5,6.55,-0.229411765,32571174,36109487,0.108633266
Canada,Both,0.212139299,0.120713734,40385.87,42322.485,0.047952786,93.689,110.225,0.176498842,8.5,6.55,-0.229411765,32571174,36109487,0.108633266
Central African Republic,Male,0.176838951,0.175765271,354.671,402.191,0.133983325,86.3007,224.575,1.602238452,52.9,56.99,0.07731569,4118609,4537687,0.101752315
Central African Republic,Female,0.255981413,0.243821758,354.671,402.191,0.133983325,86.3007,224.575,1.602238452,52.9,56.99,0.07731569,4118609,4537687,0.101752315
Central African Republic,Both,0.19727348,0.193552984,354.671,402.191,0.133983325,86.3007,224.575,1.602238452,52.9,56.99,0.07731569,4118609,4537687,0.101752315
Chad,Male,0.44585542,0.491396418,709.765,693.449,-0.02298789,92.51,115.76,0.251324181,58.2,64.77,0.112886598,10457124,14561666,0.392511555
Chad,Female,0.506731802,0.5331531,709.765,693.449,-0.02298789,92.51,115.76,0.251324181,58.2,64.77,0.112886598,10457124,14561666,0.392511555
Chad,Both,0.465127997,0.504361801,709.765,693.449,-0.02298789,92.51,115.76,0.251324181,58.2,64.77,0.112886598,10457124,14561666,0.392511555
Chile,Male,0.287811032,0.265452959,9464.55,13753.954,0.45320739,86.568,122.884,0.419508363,25.53,20.88,-0.18213866,16354504,18209068,0.113397753
Chile,Female,0.586763931,0.530159533,9464.55,13753.954,0.45320739,86.568,122.884,0.419508363,25.53,20.88,-0.18213866,16354504,18209068,0.113397753
Chile,Both,0.400951085,0.366312951,9464.55,13753.954,0.45320739,86.568,122.884,0.419508363,25.53,20.88,-0.18213866,16354504,18209068,0.113397753
China,Male,0.459601015,0.261685501,2099.299,8147.938,2.88126608,87.936,117.221,0.333026292,66.17,52.21,-0.210971739,1338408644,1414049353,0.056515407
China,Female,0.359504387,0.165820827,2099.299,8147.938,2.88126608,87.936,117.221,0.333026292,66.17,52.21,-0.210971739,1338408644,1414049353,0.056515407
China,Both,0.430100365,0.233046358,2099.299,8147.938,2.88126608,87.936,117.221,0.333026292,66.17,52.21,-0.210971739,1338408644,1414049353,0.056515407
Colombia,Male,0.117656388,0.087397088,3741.093,5871.224,0.569387342,83.092,126.426,0.521518317,21.28,16.58,-0.220864662,43200897,48171392,0.115055366
Colombia,Female,0.333008013,0.313355528,3741.093,5871.224,0.569387342,83.092,126.426,0.521518317,21.28,16.58,-0.220864662,43200897,48171392,0.115055366
Colombia,Both,0.200167482,0.172674678,3741.093,5871.224,0.569387342,83.092,126.426,0.521518317,21.28,16.58,-0.220864662,43200897,48171392,0.115055366
Comoros,Male,0.463898763,0.478369866,1113.958,1323.812,0.188385918,87.262,95.32,0.0923426,21.24,20.48,-0.035781544,626425,795592,0.270051483
Comoros,Female,0.345791979,0.360773338,1113.958,1323.812,0.188385918,87.262,95.32,0.0923426,21.24,20.48,-0.035781544,626425,795592,0.270051483
Comoros,Both,0.421410916,0.43600525,1113.958,1323.812,0.188385918,87.262,95.32,0.0923426,21.24,20.48,-0.035781544,626425,795592,0.270051483
Congo,Male,0.2486009,0.297867922,2064.345,1815.296,-0.12064311,88.541,120.117,0.356625744,42.69,45.71,0.070742563,374541,4980999,12.2989419
Congo,Female,0.318572418,0.361669928,2064.345,1815.296,-0.12064311,88.541,120.117,0.356625744,42.69,45.71,0.070742563,374541,4980999,12.2989419
Congo,Both,0.281715949,0.330240874,2064.345,1815.296,-0.12064311,88.541,120.117,0.356625744,42.69,45.71,0.070742563,374541,4980999,12.2989419
Costa Rica,Male,0.357096525,0.331218846,5201.514,11666.456,1.242896203,70.751,121.483,0.717049936,19.66,15.66,-0.2034588,4345412,4899345,0.127475369
Costa Rica,Female,0.4943903,0.477014466,5201.514,11666.456,1.242896203,70.751,121.483,0.717049936,19.66,15.66,-0.2034588,4345412,4899345,0.127475369
Costa Rica,Both,0.400110111,0.376306992,5201.514,11666.456,1.242896203,70.751,121.483,0.717049936,19.66,15.66,-0.2034588,4345412,4899345,0.127475369
Cote d'Ivoire,Male,0.194097405,0.254920537,949.132,2013.382,1.121287661,90.28,111.686,0.237106779,21.618,26.675,0.233925433,18754916,23822714,0.270211714
Cote d'Ivoire,Female,0.2471884,0.313506257,949.132,2013.382,1.121287661,90.28,111.686,0.237106779,21.618,26.675,0.233925433,18754916,23822714,0.270211714
Cote d'Ivoire,Both,0.206777968,0.268682634,949.132,2013.382,1.121287661,90.28,111.686,0.237106779,21.618,26.675,0.233925433,18754916,23822714,0.270211714
Croatia,Male,-0.05319242,-0.107381372,11703.338,12360.484,0.056150305,88.574,106.165,0.198602299,22.12,17.79,-0.195750452,4311159,4174349,-0.031733926
Croatia,Female,0.263463956,0.1624903,11703.338,12360.484,0.056150305,88.574,106.165,0.198602299,22.12,17.79,-0.195750452,4311159,4174349,-0.031733926
Croatia,Both,0.01870515,-0.050586897,11703.338,12360.484,0.056150305,88.574,106.165,0.198602299,22.12,17.79,-0.195750452,4311159,4174349,-0.031733926
Cuba,Male,0.255039151,0.213769111,4683.566,8060.796,0.721080903,109,100,-0.082568807,24.01,19.74,-0.177842566,11261248,11335109,0.006558865
Cuba,Female,0.341980214,0.325143939,4683.566,8060.796,0.721080903,109,100,-0.082568807,24.01,19.74,-0.177842566,11261248,11335109,0.006558865
Cuba,Both,0.284357074,0.251225441,4683.566,8060.796,0.721080903,109,100,-0.082568807,24.01,19.74,-0.177842566,11261248,11335109,0.006558865
Cyprus,Male,0.449486785,0.306573628,26729.323,24532.519,-0.082187042,90.815,100.275,0.104167814,19.72,16.76,-0.15010142,1045507,1170187,0.119253147
Cyprus,Female,0.350180846,0.216235083,26729.323,24532.519,-0.082187042,90.815,100.275,0.104167814,19.72,16.76,-0.15010142,1045507,1170187,0.119253147
Cyprus,Both,0.43014,0.286635192,26729.323,24532.519,-0.082187042,90.815,100.275,0.104167814,19.72,16.76,-0.15010142,1045507,1170187,0.119253147
Czech Republic,Male,-0.056856217,-0.132991681,15183.636,18463.387,0.216005639,89.178,108.215,0.213471933,19.95,16.1,-0.192982456,10238905,10566332,0.031978713
Czech Republic,Female,0.210624299,0.093996723,15183.636,18463.387,0.216005639,89.178,108.215,0.213471933,19.95,16.1,-0.192982456,10238905,10566332,0.031978713
Czech Republic,Both,0.014365949,-0.074131847,15183.636,18463.387,0.216005639,89.178,108.215,0.213471933,19.95,16.1,-0.192982456,10238905,10566332,0.031978713
Democratic Republic of the Congo,Male,0.571527923,0.695882388,255.433,471.319,0.845176622,66.211,133.851,1.021582517,42.04,45.5,0.082302569,56578037,78789127,0.392574419
Democratic Republic of the Congo,Female,0.638270605,0.736393068,255.433,471.319,0.845176622,66.211,133.851,1.021582517,42.04,45.5,0.082302569,56578037,78789127,0.392574419
Democratic Republic of the Congo,Both,0.595175892,0.710807758,255.433,471.319,0.845176622,66.211,133.851,1.021582517,42.04,45.5,0.082302569,56578037,78789127,0.392574419
Denmark,Male,0.045849183,-0.039550482,52027,54663.998,0.050685183,91.742,107.401,0.170685182,12.08,10.1,-0.163907285,5437272,5728010,0.0534713
Denmark,Female,0.120193022,0.027954623,52027,54663.998,0.050685183,91.742,107.401,0.170685182,12.08,10.1,-0.163907285,5437272,5728010,0.0534713
Denmark,Both,0.080594019,-0.00861053,52027,54663.998,0.050685183,91.742,107.401,0.170685182,12.08,10.1,-0.163907285,5437272,5728010,0.0534713
Djibouti,Male,0.457967022,0.513536114,967.669,2802.197,1.895821815,80.511,115.559,0.435319397,39.17,45.87,0.171049272,794563,929112,0.169337107
Djibouti,Female,0.523788403,0.589094877,967.669,2802.197,1.895821815,80.511,115.559,0.435319397,39.17,45.87,0.171049272,794563,929112,0.169337107
Djibouti,Both,0.474468048,0.532060668,967.669,2802.197,1.895821815,80.511,115.559,0.435319397,39.17,45.87,0.171049272,794563,929112,0.169337107
Dominica,Male,0.337584536,0.304773046,5518.399,8080.969,0.464368379,88.078,102.548,0.164286201,23.56,19.99,-0.151528014,70718,71307,0.008328855
Dominica,Female,0.502547811,0.487358754,5518.399,8080.969,0.464368379,88.078,102.548,0.164286201,23.56,19.99,-0.151528014,70718,71307,0.008328855
Dominica,Both,0.382570821,0.355206595,5518.399,8080.969,0.464368379,88.078,102.548,0.164286201,23.56,19.99,-0.151528014,70718,71307,0.008328855
Dominican Republic,Male,0.295522918,0.291512965,4134.684,7280.88,0.7609278,78.941,124.428,0.576215148,16.59,13.69,-0.174804099,9218686,10397743,0.127898596
Dominican Republic,Female,0.51371946,0.524446761,4134.684,7280.88,0.7609278,78.941,124.428,0.576215148,16.59,13.69,-0.174804099,9218686,10397743,0.127898596
Dominican Republic,Both,0.377954868,0.378013469,4134.684,7280.88,0.7609278,78.941,124.428,0.576215148,16.59,13.69,-0.174804099,9218686,10397743,0.127898596
Ecuador,Male,0.203055316,0.181464164,3328.883,6060.093,0.820458394,82.828,123.576,0.491959241,19.91,14.98,-0.247614264,14059384,16491115,0.172961419
Ecuador,Female,0.430203285,0.410331932,3328.883,6060.093,0.820458394,82.828,123.576,0.491959241,19.91,14.98,-0.247614264,14059384,16491115,0.172961419
Ecuador,Both,0.292060228,0.269774552,3328.883,6060.093,0.820458394,82.828,123.576,0.491959241,19.91,14.98,-0.247614264,14059384,16491115,0.172961419
Egypt,Male,0.389387282,0.364178836,1398.191,3525.02,1.521129088,62.173,178.442,1.870088302,74.04,88.15,0.190572663,76873663,94447072,0.228601166
Egypt,Female,0.440564733,0.411931604,1398.191,3525.02,1.521129088,62.173,178.442,1.870088302,74.04,88.15,0.190572663,76873663,94447072,0.228601166
Egypt,Both,0.405750965,0.377901676,1398.191,3525.02,1.521129088,62.173,178.442,1.870088302,74.04,88.15,0.190572663,76873663,94447072,0.228601166
El Salvador,Male,0.2757275,0.298970821,2631.82,3805.994,0.446145253,87.641,108.844,0.241930147,31.97,24.74,-0.226149515,6079399,6356143,0.045521605
El Salvador,Female,0.299591163,0.313179851,2631.82,3805.994,0.446145253,87.641,108.844,0.241930147,31.97,24.74,-0.226149515,6079399,6356143,0.045521605
El Salvador,Both,0.286820323,0.305538189,2631.82,3805.994,0.446145253,87.641,108.844,0.241930147,31.97,24.74,-0.226149515,6079399,6356143,0.045521605
Equatorial Guinea,Male,0.523375421,0.488874415,12857.336,9250.332,-0.280540541,80.899,120.292,0.486940506,45.58,54.51,0.195919263,784496,1215179,0.548993239
Equatorial Guinea,Female,0.576598752,0.515764058,12857.336,9250.332,-0.280540541,80.899,120.292,0.486940506,45.58,54.51,0.195919263,784496,1215179,0.548993239
Equatorial Guinea,Both,0.544718733,0.499897126,12857.336,9250.332,-0.280540541,80.899,120.292,0.486940506,45.58,54.51,0.195919263,784496,1215179,0.548993239
Ethiopia,Male,0.48410748,0.623375018,194.687,717.125,2.683476555,50.363,218.586,3.340210075,34.35,39.24,0.142358079,78489206,103603501,0.319971322
Ethiopia,Female,0.526130634,0.674551099,194.687,717.125,2.683476555,50.363,218.586,3.340210075,34.35,39.24,0.142358079,78489206,103603501,0.319971322
Ethiopia,Both,0.496803715,0.639359152,194.687,717.125,2.683476555,50.363,218.586,3.340210075,34.35,39.24,0.142358079,78489206,103603501,0.319971322
Federated States of Micronesia,Male,0.167620507,0.182202587,2406.183,3014.7,0.252897224,81.222,111.514,0.372953141,14.01,11.13,-0.205567452,105371,110215,0.045970903
Federated States of Micronesia,Female,0.087463699,0.087034304,2406.183,3014.7,0.252897224,81.222,111.514,0.372953141,14.01,11.13,-0.205567452,105371,110215,0.045970903
Federated States of Micronesia,Both,0.146720568,0.155479011,2406.183,3014.7,0.252897224,81.222,111.514,0.372953141,14.01,11.13,-0.205567452,105371,110215,0.045970903
Fiji,Male,0.261489785,0.238011805,3747.861,5651.318,0.507878227,82.824,120.849,0.459106056,12.9,11.06,-0.142635659,827870,872399,0.05378743
Fiji,Female,0.452329405,0.417083833,3747.861,5651.318,0.507878227,82.824,120.849,0.459106056,12.9,11.06,-0.142635659,827870,872399,0.05378743
Fiji,Both,0.326925926,0.300499978,3747.861,5651.318,0.507878227,82.824,120.849,0.459106056,12.9,11.06,-0.142635659,827870,872399,0.05378743
Finland,Male,0.033808972,-0.043583937,41188.094,43784.284,0.063032536,92.642,109.178,0.178493556,7.14,5.89,-0.175070028,5266268,5495303,0.04349095
Finland,Female,0.321267345,0.203335,41188.094,43784.284,0.063032536,92.642,109.178,0.178493556,7.14,5.89,-0.175070028,5266268,5495303,0.04349095
Finland,Both,0.119208596,0.027492869,41188.094,43784.284,0.063032536,92.642,109.178,0.178493556,7.14,5.89,-0.175070028,5266268,5495303,0.04349095
France,Male,0.109260086,0.034627766,36433.623,37037.374,0.016571259,94.31,105.773,0.121545965,14.7,11.86,-0.193197279,63621381,66724104,0.048768558
France,Female,0.342509508,0.236101242,36433.623,37037.374,0.016571259,94.31,105.773,0.121545965,14.7,11.86,-0.193197279,63621381,66724104,0.048768558
France,Both,0.161903399,0.079474885,36433.623,37037.374,0.016571259,94.31,105.773,0.121545965,14.7,11.86,-0.193197279,63621381,66724104,0.048768558
Gabon,Male,0.185443531,0.217767011,7214.915,6984.451,-0.031942719,87.496,111.301,0.27206958,39.98,43.72,0.093546773,1430152,2007873,0.403957761
Gabon,Female,-0.029099838,-0.016445034,7214.915,6984.451,-0.031942719,87.496,111.301,0.27206958,39.98,43.72,0.093546773,1430152,2007873,0.403957761
Gabon,Both,0.094810382,0.11204801,7214.915,6984.451,-0.031942719,87.496,111.301,0.27206958,39.98,43.72,0.093546773,1430152,2007873,0.403957761
Germany,Male,0.146302381,0.038043907,36323.448,42098.92,0.159001205,93.916,107.726,0.147046297,14.54,11.94,-0.178817056,82376451,82348669,-0.000337257
Germany,Female,0.360664363,0.204115145,36323.448,42098.92,0.159001205,93.916,107.726,0.147046297,14.54,11.94,-0.178817056,82376451,82348669,-0.000337257
Germany,Both,0.211930781,0.086872551,36323.448,42098.92,0.159001205,93.916,107.726,0.147046297,14.54,11.94,-0.178817056,82376451,82348669,-0.000337257
Ghana,Male,0.290653831,0.386125764,911.999,1931.389,1.117753419,58.705,206.686,2.520756324,26.81,36.25,0.352107423,22379055,28481946,0.272705483
Ghana,Female,0.319390465,0.375844119,911.999,1931.389,1.117753419,58.705,206.686,2.520756324,26.81,36.25,0.352107423,22379055,28481946,0.272705483
Ghana,Both,0.299147384,0.383136987,911.999,1931.389,1.117753419,58.705,206.686,2.520756324,26.81,36.25,0.352107423,22379055,28481946,0.272705483
Greece,Male,0.010883862,-0.001994327,24801.158,18116.46,-0.269531689,88.046,99.939,0.135077119,19.31,16.33,-0.154324184,11020362,10775971,-0.022176313
Greece,Female,0.282588364,0.225782915,24801.158,18116.46,-0.269531689,88.046,99.939,0.135077119,19.31,16.33,-0.154324184,11020362,10775971,-0.022176313
Greece,Both,0.060111885,0.038675017,24801.158,18116.46,-0.269531689,88.046,99.939,0.135077119,19.31,16.33,-0.154324184,11020362,10775971,-0.022176313
Greenland,Male,0.170592632,0.151138373,35458.123,48181.874,0.35883882,113,144,0.274336283,13.77,11.57,-0.159767611,56774,56186,-0.010356853
Greenland,Female,0.163802726,0.069242813,35458.123,48181.874,0.35883882,113,144,0.274336283,13.77,11.57,-0.159767611,56774,56186,-0.010356853
Greenland,Both,0.167796543,0.116659312,35458.123,48181.874,0.35883882,113,144,0.274336283,13.77,11.57,-0.159767611,56774,56186,-0.010356853
Grenada,Male,0.146717257,0.135566537,6658.541,9628.347,0.446014525,86.431,105.61,0.22189955,27.78,22.89,-0.176025918,104933,110261,0.050775257
Grenada,Female,0.23733531,0.24843258,6658.541,9628.347,0.446014525,86.431,105.61,0.22189955,27.78,22.89,-0.176025918,104933,110261,0.050775257
Grenada,Both,0.17630457,0.172998271,6658.541,9628.347,0.446014525,86.431,105.61,0.22189955,27.78,22.89,-0.176025918,104933,110261,0.050775257
Guam,Male,0.477706408,0.463575421,26555.645,35562.838,0.339181858,116,165,0.422413793,13.81,11.65,-0.1564084,158648,162951,0.027122939
Guam,Female,0.614605078,0.561255933,26555.645,35562.838,0.339181858,116,165,0.422413793,13.81,11.65,-0.1564084,158648,162951,0.027122939
Guam,Both,0.522125378,0.495236973,26555.645,35562.838,0.339181858,116,165,0.422413793,13.81,11.65,-0.1564084,158648,162951,0.027122939
Guinea,Male,0.360301693,0.425300228,453.404,732.967,0.616586973,56.887,200.809,2.529962909,22.45,24.78,0.103786192,9307425,11738441,0.261191038
Guinea,Female,0.399318779,0.420078711,453.404,732.967,0.616586973,56.887,200.809,2.529962909,22.45,24.78,0.103786192,9307425,11738441,0.261191038
Guinea,Both,0.368511505,0.424124798,453.404,732.967,0.616586973,56.887,200.809,2.529962909,22.45,24.78,0.103786192,9307425,11738441,0.261191038
Guyana,Male,0.154834481,0.156130452,1954.133,4542.622,1.324622736,77.2,110.274,0.428419689,27.78,22.37,-0.19474442,746343,771366,0.03352748
Guyana,Female,0.338730418,0.341927223,1954.133,4542.622,1.324622736,77.2,110.274,0.428419689,27.78,22.37,-0.19474442,746343,771366,0.03352748
Guyana,Both,0.22238791,0.224008415,1954.133,4542.622,1.324622736,77.2,110.274,0.428419689,27.78,22.37,-0.19474442,746343,771366,0.03352748
Haiti,Male,0.302828344,0.336893268,508.969,735.302,0.444689166,77.353,144.015,0.861789459,17.46,15.09,-0.135738832,9344785,10839970,0.160002076
Haiti,Female,0.345293468,0.37441407,508.969,735.302,0.444689166,77.353,144.015,0.861789459,17.46,15.09,-0.135738832,9344785,10839970,0.160002076
Haiti,Both,0.318570772,0.350894516,508.969,735.302,0.444689166,77.353,144.015,0.861789459,17.46,15.09,-0.135738832,9344785,10839970,0.160002076
Honduras,Male,0.370665948,0.37957439,1420.136,2342.585,0.649549761,75.997,132.828,0.747805834,28.08,21.09,-0.248931624,7634298,9270795,0.214361163
Honduras,Female,0.40644058,0.388818968,1420.136,2342.585,0.649549761,75.997,132.828,0.747805834,28.08,21.09,-0.248931624,7634298,9270795,0.214361163
Honduras,Both,0.384241948,0.383461472,1420.136,2342.585,0.649549761,75.997,132.828,0.747805834,28.08,21.09,-0.248931624,7634298,9270795,0.214361163
Hungary,Male,-0.137378707,-0.119142654,11475.823,12992.376,0.132152003,79.938,111.824,0.398884135,19.47,15.89,-0.183872625,10071379,9814023,-0.025553204
Hungary,Female,0.09575686,0.090917999,11475.823,12992.376,0.132152003,79.938,111.824,0.398884135,19.47,15.89,-0.183872625,10071379,9814023,-0.025553204
Hungary,Both,-0.063516193,-0.05335117,11475.823,12992.376,0.132152003,79.938,111.824,0.398884135,19.47,15.89,-0.183872625,10071379,9814023,-0.025553204
Iceland,Male,0.270854827,0.153905663,56673.602,61466.804,0.084575567,71.555,119.847,0.674893439,7.84,6.61,-0.156887755,303782,335439,0.104209598
Iceland,Female,0.323075672,0.191815938,56673.602,61466.804,0.084575567,71.555,119.847,0.674893439,7.84,6.61,-0.156887755,303782,335439,0.104209598
Iceland,Both,0.29868978,0.173335339,56673.602,61466.804,0.084575567,71.555,119.847,0.674893439,7.84,6.61,-0.156887755,303782,335439,0.104209598
India,Male,0.4107429,0.473830564,806.753,1732.564,1.147576768,69.872,155.945,1.231866842,90.33,89.67,-0.007306543,1165486291,1324517250,0.136450304
India,Female,0.457075124,0.554404721,806.753,1732.564,1.147576768,69.872,155.945,1.231866842,90.33,89.67,-0.007306543,1165486291,1324517250,0.136450304
India,Both,0.423132138,0.495200588,806.753,1732.564,1.147576768,69.872,155.945,1.231866842,90.33,89.67,-0.007306543,1165486291,1324517250,0.136450304
Indonesia,Male,0.127887716,0.184993022,1589.801,3562.846,1.241064133,77.689,136.966,0.763003771,18.93,16.38,-0.134706815,229318262,261554226,0.140573035
Indonesia,Female,0.205167801,0.224582169,1589.801,3562.846,1.241064133,77.689,136.966,0.763003771,18.93,16.38,-0.134706815,229318262,261554226,0.140573035
Indonesia,Both,0.146634828,0.194492148,1589.801,3562.846,1.241064133,77.689,136.966,0.763003771,18.93,16.38,-0.134706815,229318262,261554226,0.140573035
Iran,Male,0.577758747,0.557044659,3774.358,5253.425,0.391872472,54.36,308.828,4.68116262,37.63,38.84,0.032155195,70554760,79564016,0.127691682
Iran,Female,0.595722339,0.55434975,3774.358,5253.425,0.391872472,54.36,308.828,4.68116262,37.63,38.84,0.032155195,70554760,79564016,0.127691682
Iran,Both,0.583017588,0.556272665,3774.358,5253.425,0.391872472,54.36,308.828,4.68116262,37.63,38.84,0.032155195,70554760,79564016,0.127691682
Iraq,Male,0.307961174,0.298355975,2373.215,4776.726,1.012765805,89.766,119.199,0.327885837,62.85,63.95,0.017501989,27448124,36610632,0.333811812
Iraq,Female,0.284302643,0.272920805,2373.215,4776.726,1.012765805,89.766,119.199,0.327885837,62.85,63.95,0.017501989,27448124,36610632,0.333811812
Iraq,Both,0.301421038,0.291419004,2373.215,4776.726,1.012765805,89.766,119.199,0.327885837,62.85,63.95,0.017501989,27448124,36610632,0.333811812
Ireland,Male,0.178999206,0.094069273,54306.429,63197.082,0.163712716,96.799,104.723,0.08186035,9.92,8.28,-0.165322581,4273591,4755335,0.112725808
Ireland,Female,0.201621151,0.080985748,54306.429,63197.082,0.163712716,96.799,104.723,0.08186035,9.92,8.28,-0.165322581,4273591,4755335,0.112725808
Ireland,Both,0.188383861,0.088692182,54306.429,63197.082,0.163712716,96.799,104.723,0.08186035,9.92,8.28,-0.165322581,4273591,4755335,0.112725808
Israel,Male,0.176501572,0.166311115,21837.378,37321.624,0.70907075,89.669,106.122,0.183485932,22.98,20.77,-0.096170583,7053700,8546000,0.211562726
Israel,Female,0.279554592,0.251606846,21837.378,37321.624,0.70907075,89.669,106.122,0.183485932,22.98,20.77,-0.096170583,7053700,8546000,0.211562726
Israel,Both,0.209224608,0.193543983,21837.378,37321.624,0.70907075,89.669,106.122,0.183485932,22.98,20.77,-0.096170583,7053700,8546000,0.211562726
Italy,Male,0.056912898,-0.002383849,33501.658,30939.714,-0.076472155,92.875,107.398,0.156371467,19.6,16.49,-0.158673469,58143979,60627498,0.042713262
Italy,Female,0.379746198,0.244050857,33501.658,30939.714,-0.076472155,92.875,107.398,0.156371467,19.6,16.49,-0.158673469,58143979,60627498,0.042713262
Italy,Both,0.136696778,0.054178283,33501.658,30939.714,-0.076472155,92.875,107.398,0.156371467,19.6,16.49,-0.158673469,58143979,60627498,0.042713262
Jamaica,Male,0.317010815,0.334612802,4321.043,4843.338,0.120872438,60.77,144.429,1.376649663,16.01,13.4,-0.163023111,2754407,2906238,0.055122936
Jamaica,Female,0.263594755,0.271634885,4321.043,4843.338,0.120872438,60.77,144.429,1.376649663,16.01,13.4,-0.163023111,2754407,2906238,0.055122936
Jamaica,Both,0.30437852,0.319747224,4321.043,4843.338,0.120872438,60.77,144.429,1.376649663,16.01,13.4,-0.066202091,2754407,2906238,0.055122936
Japan,Male,0.188382101,0.083897029,35433.989,38761.818,0.093916296,100.656,103.479,0.028046018,14.35,11.62,-0.190243902,127854000,126994511,-0.006722426
Japan,Female,0.380059638,0.260699508,35433.989,38761.818,0.093916296,100.656,103.479,0.028046018,14.35,11.62,-0.190243902,127854000,126994511,-0.006722426
Japan,Both,0.242967247,0.130828421,35433.989,38761.818,0.093916296,100.656,103.479,0.028046018,14.35,11.62,-0.190243902,127854000,126994511,-0.006722426
Jordan,Male,0.664900443,0.623129541,2548.269,4103.734,0.610400629,80.491,115.491,0.434831223,32.48,33.18,0.021551724,5991540,9551467,0.594158931
Jordan,Female,0.595919111,0.555468731,2548.269,4103.734,0.610400629,80.491,115.491,0.434831223,32.48,33.18,0.021551724,5991540,9551467,0.594158931
Jordan,Both,0.650102168,0.608147613,2548.269,4103.734,0.610400629,80.491,115.491,0.434831223,32.48,33.18,0.021551724,5991540,9551467,0.594158931
Kazakhstan,Male,-0.185300663,-0.243333156,5291.576,7714.842,0.457947878,70.357,152.442,1.166692724,15.62,13.08,-0.162612036,15308084,17794055,0.16239596
Kazakhstan,Female,-0.048155459,-0.110824528,5291.576,7714.842,0.457947878,70.357,152.442,1.166692724,15.62,13.08,-0.162612036,15308084,17794055,0.16239596
Kazakhstan,Both,-0.160907847,-0.219810465,5291.576,7714.842,0.457947878,70.357,152.442,1.166692724,15.62,13.08,-0.162612036,15308084,17794055,0.16239596
Kenya,Male,0.447046406,0.547704461,685.955,1410.528,1.056298154,63.553,159.647,1.51202933,27.48,28.58,0.040029112,37649033,49051686,0.302867088
Kenya,Female,0.465355122,0.580618431,685.955,1410.528,1.056298154,63.553,159.647,1.51202933,27.48,28.58,0.040029112,37649033,49051686,0.302867088
Kenya,Both,0.455238907,0.561362227,685.955,1410.528,1.056298154,63.553,159.647,1.51202933,27.48,28.58,0.040029112,37649033,49051686,0.302867088
Kiribati,Male,0.330270882,0.381160955,1168.449,1584.807,0.356333909,80.473,99.547,0.237023598,13.35,10.54,-0.210486891,94343,112524,0.192711701
Kiribati,Female,0.211182425,0.257812878,1168.449,1584.807,0.356333909,80.473,99.547,0.237023598,13.35,10.54,-0.210486891,94343,112524,0.192711701
Kiribati,Both,0.295623111,0.340788786,1168.449,1584.807,0.356333909,80.473,99.547,0.237023598,13.35,10.54,-0.210486891,94343,112524,0.192711701
Kuwait,Male,0.393298635,0.34138347,42781.366,27653.067,-0.353618886,78.424,121.91,0.554498623,59.67,60.84,0.019607843,2373672,3956875,0.666984739
Kuwait,Female,0.595755617,0.544333825,42781.366,27653.067,-0.353618886,78.424,121.91,0.554498623,59.67,60.84,0.019607843,2373672,3956875,0.666984739
Kuwait,Both,0.444702884,0.393480074,42781.366,27653.067,-0.353618886,78.424,121.91,0.554498623,59.67,60.84,0.019607843,2373672,3956875,0.666984739
Kyrgyzstan,Male,-0.005328355,-0.033805255,543.11,1120.667,1.063425457,63.161,146.927,1.326229794,26.78,23.2,-0.133681852,5218400,6079500,0.165012264
Kyrgyzstan,Female,0.054594261,0.030241856,543.11,1120.667,1.063425457,63.161,146.927,1.326229794,26.78,23.2,-0.133681852,5218400,6079500,0.165012264
Kyrgyzstan,Both,0.007584265,-0.019890959,543.11,1120.667,1.063425457,63.161,146.927,1.326229794,26.78,23.2,-0.133681852,5218400,6079500,0.165012264
Laos,Male,0.264693405,0.361651344,590.633,2308.8,2.909026417,83.644,127.813,0.528059395,31.732,25.801,-0.186909114,5846074,6845846,0.171015967
Laos,Female,0.310098234,0.338561383,590.633,2308.8,2.909026417,83.644,127.813,0.528059395,31.732,25.801,-0.186909114,5846074,6845846,0.171015967
Laos,Both,0.277962659,0.354498928,590.633,2308.8,2.909026417,83.644,127.813,0.528059395,31.732,25.801,-0.186909114,5846074,6845846,0.171015967
Latvia,Male,-0.181696944,-0.253325461,9663.373,14153.415,0.464645419,76.856,107.696,0.401269907,16.86,13.45,-0.202253855,2218357,1959537,-0.116671933
Latvia,Female,0.063984618,-0.110231373,9663.373,14153.415,0.464645419,76.856,107.696,0.401269907,16.86,13.45,-0.202253855,2218357,1959537,-0.116671933
Latvia,Both,-0.136497587,-0.227825406,9663.373,14153.415,0.464645419,76.856,107.696,0.401269907,16.86,13.45,-0.202253855,2218357,1959537,-0.116671933
Lebanon,Male,0.580298252,0.568896233,4626.86,7629.891,0.649042979,95.033,114.07,0.200319889,30.02,30.17,0.004996669,4759753,6711121,0.409972534
Lebanon,Female,0.618514784,0.544363581,4626.86,7629.891,0.649042979,95.033,114.07,0.200319889,30.02,30.17,0.004996669,4759753,6711121,0.409972534
Lebanon,Both,0.590585173,0.561873409,4626.86,7629.891,0.649042979,95.033,114.07,0.200319889,30.02,30.17,0.004996669,4759753,6711121,0.409972534
Lesotho,Male,0.01484562,0.049462107,904.603,1043.57,0.153622086,75.321,135.427,0.797997902,30.1,28.34,-0.058471761,1989939,2075001,0.042746034
Lesotho,Female,0.113640832,0.147112229,904.603,1043.57,0.153622086,75.321,135.427,0.797997902,30.1,28.34,-0.058471761,1989939,2075001,0.042746034
Lesotho,Both,0.034314686,0.069547792,904.603,1043.57,0.153622086,75.321,135.427,0.797997902,30.1,28.34,-0.058471761,1989939,2075001,0.042746034
Liberia,Male,0.573263096,0.709048299,336.116,714.623,1.126120149,66.294,160.629,1.422979455,16.02,17.89,0.116729089,3329211,4586788,0.377740251
Liberia,Female,0.634810837,0.736375276,336.116,714.623,1.126120149,66.294,160.629,1.422979455,16.02,17.89,0.116729089,3329211,4586788,0.377740251
Liberia,Both,0.593890938,0.718145472,336.116,714.623,1.126120149,66.294,160.629,0.896265122,16.02,17.89,0.116729089,3329211,4586788,0.377740251
Libya,Male,0.440240574,0.425233085,9336.357,4035.194,-0.567797804,80.967,125.711,0.552620203,47.13,52.13,0.10608954,5886872,6492164,0.102820649
Libya,Female,0.563679697,0.517272251,9336.357,4035.194,-0.567797804,80.967,125.711,0.552620203,47.13,52.13,0.10608954,5886872,6492164,0.102820649
Libya,Both,0.453868644,0.435548348,9336.357,4035.194,-0.567797804,80.967,125.711,0.552620203,47.13,52.13,0.10608954,5886872,6492164,0.102820649
Lithuania,Male,-0.164337286,-0.235684812,9240.643,14999.48,0.623207389,80.561,108.599,0.348034409,14.46,11.82,-0.182572614,3269909,2868231,-0.122840727
Lithuania,Female,0.217293239,-0.035957735,9240.643,14999.48,0.623207389,80.561,108.599,0.348034409,14.46,11.82,-0.182572614,3269909,2868231,-0.122840727
Lithuania,Both,-0.102037091,-0.205969694,9240.643,14999.48,0.623207389,80.561,108.599,0.348034409,14.46,11.82,-0.182572614,3269909,2868231,-0.122840727
Luxembourg,Male,0.113662054,0.048684908,89739.712,104278.391,0.162009423,92.084,109.518,0.189327136,12.36,10.31,-0.165857605,472637,582014,0.231418615
Luxembourg,Female,0.419369206,0.325130659,89739.712,104278.391,0.162009423,92.084,109.518,0.189327136,12.36,10.31,-0.165857605,472637,582014,0.231418615
Luxembourg,Both,0.1990388,0.122468303,89739.712,104278.391,0.162009423,92.084,109.518,0.189327136,12.36,10.31,-0.165857605,472637,582014,0.231418615
Macedonia,Male,0.106185646,0.103725004,3325.636,5219.159,0.569371693,89.596,109.437,0.221449618,35.63,29.59,-0.169520067,2063131,2080745,0.008537509
Macedonia,Female,0.209213457,0.196145551,3325.636,5219.159,0.569371693,89.596,109.437,0.221449618,35.63,29.59,-0.169520067,2063131,2080745,0.008537509
Macedonia,Both,0.122602678,0.118449588,3325.636,5219.159,0.569371693,89.596,109.437,0.221449618,35.63,29.59,-0.169520067,2063131,2080745,0.008537509
Madagascar,Male,0.423214332,0.48329984,338.751,475.955,0.405029063,69.696,147.972,1.123106061,23.29,22.9,-0.016745384,18880269,24894380,0.318539476
Madagascar,Female,0.499508257,0.541702321,338.751,475.955,0.405029063,69.696,147.972,1.123106061,23.29,22.9,-0.016745384,18880269,24894380,0.318539476
Madagascar,Both,0.449795643,0.503241369,338.751,475.955,0.405029063,69.696,147.972,1.123106061,23.29,22.9,-0.016745384,18880269,24894380,0.318539476
Malawi,Male,0.334605616,0.435387673,308.163,315.777,0.024707703,73.168,305.31,3.172725782,25.63,23.09,-0.099102614,12973699,17205289,0.326166809
Malawi,Female,0.468638299,0.575320807,308.163,315.777,0.024707703,73.168,305.31,3.172725782,25.63,23.09,-0.099102614,12973699,17205289,0.326166809
Malawi,Both,0.374615244,0.476328889,308.163,315.777,0.024707703,73.168,305.31,3.172725782,25.63,23.09,-0.099102614,12973699,17205289,0.326166809
Malaysia,Male,0.444074142,0.422063522,6209.125,9817.741,0.581179474,90.941,115.147,0.266172573,19.38,15.75,-0.187306502,26201961,30684804,0.171088072
Malaysia,Female,0.450373096,0.364316136,6209.125,9817.741,0.581179474,90.941,115.147,0.266172573,19.38,15.75,-0.187306502,26201961,30684804,0.171088072
Malaysia,Both,0.445957848,0.404750879,6209.125,9817.741,0.581179474,90.941,115.147,0.266172573,19.38,15.75,-0.187306502,26201961,30684804,0.171088072
Maldives,Male,0.447192616,0.425394763,4809.963,9209.289,0.914627826,60.684,108.97,0.795695735,11.44,7.97,-0.303321678,327487,475513,0.452005728
Maldives,Female,0.532148459,0.484996624,4809.963,9209.289,0.914627826,60.684,108.97,0.795695735,11.44,7.97,-0.303321678,327487,475513,0.452005728
Maldives,Both,0.460077904,0.434200975,4809.963,9209.289,0.914627826,60.684,108.97,0.795695735,11.44,7.97,-0.303321678,327487,475513,0.452005728
Mali,Male,0.293585422,0.318093087,523.039,780.388,0.492026407,87.185,108.323,0.242449963,37.84,38.48,0.016913319,13203378,17965429,0.360669141
Mali,Female,0.347123269,0.320917436,523.039,780.388,0.492026407,87.185,108.323,0.242449963,37.84,38.48,0.016913319,13203378,17965429,0.360669141
Mali,Both,0.312344622,0.319058692,523.039,780.388,0.492026407,87.185,108.323,0.242449963,37.84,38.48,0.016913319,13203378,17965429,0.360669141
Malta,Male,0.369593537,0.230970088,16671.567,25133.046,0.507539513,91.412,108.857,0.190839277,16.1,13.81,-0.142236025,405308,455356,0.123481402
Malta,Female,0.287652865,0.166811053,16671.567,25133.046,0.507539513,91.412,108.857,0.190839277,16.1,13.81,-0.142236025,405308,455356,0.123481402
Malta,Both,0.356157069,0.218561723,16671.567,25133.046,0.507539513,91.412,108.857,0.190839277,16.1,13.81,-0.142236025,405308,455356,0.123481402
Mauritania,Male,0.590465603,0.651555536,1288.144,1536.854,0.19307624,79.945,125.229,0.566439427,41.87,46.67,0.114640554,3111906,4163534,0.337936943
Mauritania,Female,0.50454196,0.534924298,1288.144,1536.854,0.19307624,79.945,125.229,0.566439427,41.87,46.67,0.114640554,3111906,4163534,0.337936943
Mauritania,Both,0.557657413,0.605184897,1288.144,1536.854,0.19307624,79.945,125.229,0.566439427,41.87,46.67,0.114640554,3111906,4163534,0.337936943
Mauritius,Male,0.27967224,0.234829729,5695.969,9681.619,0.699731687,79.357,120.923,0.523784921,15.54,14.35,-0.076576577,1233996,1263473,0.023887436
Mauritius,Female,0.308145606,0.247049332,5695.969,9681.619,0.699731687,79.357,120.923,0.523784921,15.54,14.35,-0.076576577,1233996,1263473,0.023887436
Mauritius,Both,0.287733878,0.238236296,5695.969,9681.619,0.699731687,79.357,120.923,0.523784921,15.54,14.35,-0.076576577,1233996,1263473,0.023887436
Mexico,Male,0.143363196,0.116008969,9068.294,8739.756,-0.036229306,83.425,122.78,0.471741085,26.86,20.71,-0.228965004,107560153,123333376,0.146645598
Mexico,Female,0.318631036,0.301955399,9068.294,8739.756,-0.036229306,83.425,122.78,0.471741085,26.86,20.71,-0.228965004,107560153,123333376,0.146645598
Mexico,Both,0.200196052,0.176127795,9068.294,8739.756,-0.036229306,83.425,122.78,0.471741085,26.86,20.71,-0.228965004,107560153,123333376,0.146645598
Moldova,Male,-0.000183334,-0.009182791,1183.379,2880.439,1.434079868,73.459,144.358,0.965150628,19.14,16.36,-0.145245559,2880095,2802170,-0.027056399
Moldova,Female,0.039939044,0.023994602,1183.379,2880.439,1.434079868,73.459,144.358,0.965150628,19.14,16.36,-0.145245559,2880095,2802170,-0.027056399
Moldova,Both,0.007252826,-0.002940453,1183.379,2880.439,1.434079868,73.459,144.358,0.965150628,19.14,16.36,-0.145245559,2880095,2802170,-0.027056399
Mongolia,Male,0.327375969,0.278033814,1334.212,3660.151,1.743305412,60.192,163.742,1.720328283,39.73,38.22,-0.038006544,2558856,3056359,0.194423993
Mongolia,Female,0.293035575,0.242935017,1334.212,3660.151,1.743305412,60.192,163.742,1.720328283,39.73,38.22,-0.038006544,2558856,3056359,0.194423993
Mongolia,Both,0.320006468,0.270351671,1334.212,3660.151,1.743305412,60.192,163.742,1.720328283,39.73,38.22,-0.038006544,2558856,3056359,0.194423993
Montenegro,Male,0.020686639,0.002627144,4425.679,7033.605,0.589271386,84.61,110.725,0.30865146,25.56,20.92,-0.181533646,615025,622303,0.011833665
Montenegro,Female,0.114572434,0.082195799,4425.679,7033.605,0.589271386,84.61,110.725,0.30865146,25.56,20.92,-0.181533646,615025,622303,0.011833665
Montenegro,Both,0.04219122,0.02056048,4425.679,7033.605,0.589271386,84.61,110.725,0.30865146,25.56,20.92,-0.181533646,615025,622303,0.011833665
Morocco,Male,0.359517132,0.390494326,2196.012,2896.72,0.319082045,92.659,107.955,0.165078406,30.97,32.94,0.063609945,30804683,35126296,0.14029078
Morocco,Female,0.53730371,0.571501929,2196.012,2896.72,0.319082045,92.659,107.955,0.165078406,30.97,32.94,0.063609945,30804683,35126296,0.14029078
Morocco,Both,0.380538237,0.410312087,2196.012,2896.72,0.319082045,92.659,107.955,0.165078406,30.97,32.94,0.063609945,30804683,35126296,0.14029078
Mozambique,Male,0.367725404,0.444525724,434.04,428.926,-0.011782324,68.989,148.293,1.14951659,22.66,21.47,-0.052515446,21080110,27829942,0.320199088
Mozambique,Female,0.487985073,0.623253615,434.04,428.926,-0.011782324,68.989,148.293,1.14951659,22.66,21.47,-0.052515446,21080110,27829942,0.320199088
Mozambique,Both,0.407936037,0.499950569,434.04,428.926,-0.011782324,68.989,148.293,1.14951659,22.66,21.47,-0.052515446,21080110,27829942,0.320199088
Myanmar,Male,0.308002883,0.371115682,294.163,1266.546,3.305592478,53.436,138.283,1.587824687,43.32,36.03,-0.168282548,49301050,53045226,0.075945157
Myanmar,Female,0.372925852,0.311548516,294.163,1266.546,3.305592478,53.436,138.283,1.587824687,43.32,36.03,-0.168282548,49301050,53045226,0.075945157
Myanmar,Both,0.315807744,0.357750064,294.163,1266.546,3.305592478,53.436,138.283,1.587824687,43.32,36.03,-0.168282548,49301050,53045226,0.075945157
Nepal,Male,0.279000769,0.339403531,346.945,777.148,1.239974636,73.25,165.784,1.263262799,93.22,98.05,0.051812916,26066693,27261131,0.045822383
Nepal,Female,0.388638261,0.449942117,346.945,777.148,1.239974636,73.25,165.784,1.263262799,93.22,98.05,0.051812916,26066693,27261131,0.045822383
Nepal,Both,0.321112822,0.384730294,346.945,777.148,1.239974636,73.25,165.784,1.263262799,93.22,98.05,0.051812916,26066693,27261131,0.045822383
Netherlands,Male,0.133486447,0.041588068,44863.351,46007.853,0.025510845,93.7,109.529,0.168932764,14.58,12.03,-0.174897119,16346101,17030314,0.041857872
Netherlands,Female,0.363416463,0.227388768,44863.351,46007.853,0.025510845,93.7,109.529,0.168932764,14.58,12.03,-0.174897119,16346101,17030314,0.041857872
Netherlands,Both,0.214799909,0.103894301,44863.351,46007.853,0.025510845,93.7,109.529,0.168932764,14.58,12.03,-0.174897119,16346101,17030314,0.041857872
New Zealand,Male,0.294596472,0.111666381,26671.329,40105.613,0.503697585,89.942,108.641,0.207900647,7.04,5.99,-0.149147727,4184600,4693200,0.121540888
New Zealand,Female,0.389670107,0.192650425,26671.329,40105.613,0.503697585,89.942,108.641,0.207900647,7.04,5.99,-0.149147727,4184600,4693200,0.121540888
New Zealand,Both,0.336068477,0.147098552,26671.329,40105.613,0.503697585,89.942,108.641,0.207900647,7.04,5.99,-0.149147727,4184600,4693200,0.121540888
Nicaragua,Male,0.432667536,0.446990516,1226.643,2107.567,0.718158421,68.681,141.7,1.063161573,23.03,17.73,-0.230134607,5513763,6303974,0.143316098
Nicaragua,Female,0.441831707,0.443853987,1226.643,2107.567,0.718158421,68.681,141.7,1.063161573,23.03,17.73,-0.230134607,5513763,6303974,0.143316098
Nicaragua,Both,0.436083939,0.445841722,1226.643,2107.567,0.718158421,68.681,141.7,1.063161573,23.03,17.73,-0.230134607,5513763,6303974,0.143316098
Niger,Male,0.579133067,0.666295035,335.341,494.719,0.47527144,88.562,105.922,0.196020867,73.44,87.71,0.194308279,14143971,20788838,0.46980208
Niger,Female,0.377289936,0.418396275,335.341,494.719,0.47527144,88.562,105.922,0.196020867,73.44,87.71,0.194308279,14143971,20788838,0.46980208
Niger,Both,0.512677616,0.587748181,335.341,494.719,0.47527144,88.562,105.922,0.196020867,73.44,87.71,0.194308279,14143971,20788838,0.46980208
Nigeria,Male,0.173228174,0.304338676,1656.425,2176,0.313672518,66.438,183.853,1.767286794,59.66,71.37,0.196278914,142538308,185960289,0.304633762
Nigeria,Female,0.178594557,0.233290221,1656.425,2176,0.313672518,66.438,183.853,1.767286794,59.66,71.37,0.196278914,142538308,185960289,0.304633762
Nigeria,Both,0.174739504,0.282261432,1656.425,2176,0.313672518,66.438,183.853,1.767286794,59.66,71.37,0.196278914,142538308,185960289,0.304633762
Norway,Male,0.137157541,-0.011925242,74148.32,70459.183,-0.049753481,91.431,112.442,0.229801708,8.36,6.96,-0.167464115,4660677,5234519,0.123124173
Norway,Female,0.27979253,0.124373734,74148.32,70459.183,-0.049753481,91.431,112.442,0.229801708,8.36,6.96,-0.167464115,4660677,5234519,0.123124173
Norway,Both,0.196895572,0.043115939,74148.32,70459.183,-0.049753481,91.431,112.442,0.229801708,8.36,6.96,-0.167464115,4660677,5234519,0.123124173
Oman,Male,2.526946089,2.457405021,14420.517,14618.875,0.013755263,78.703,110.62,0.405537273,39.66,41.78,0.053454362,2580758,4479219,0.735621472
Oman,Female,0.846047105,0.780643666,14420.517,14618.875,0.013755263,78.703,110.62,0.405537273,39.66,41.78,0.053454362,2580758,4479219,0.735621472
Oman,Both,2.090015688,2.020681916,14420.517,14618.875,0.013755263,78.703,110.62,0.405537273,39.66,41.78,0.053454362,2580758,4479219,0.735621472
Pakistan,Male,0.229517941,0.250208913,836.861,1368.454,0.635222576,60.197,150.753,1.504327458,63.38,58.63,-0.074944778,164022627,203627284,0.241458497
Pakistan,Female,0.360672768,0.369069561,836.861,1368.454,0.635222576,60.197,150.753,1.504327458,63.38,58.63,-0.074944778,164022627,203627284,0.241458497
Pakistan,Both,0.245464285,0.269699386,836.861,1368.454,0.635222576,60.197,150.753,1.504327458,63.38,58.63,-0.074944778,164022627,203627284,0.241458497
Panama,Male,0.279569984,0.20166673,5348.895,14343.964,1.681668644,83.283,120.523,0.447150079,14.12,11.47,-0.187677054,3391666,4037078,0.190293502
Panama,Female,0.416639332,0.37500934,5348.895,14343.964,1.681668644,83.283,120.523,0.447150079,14.12,11.47,-0.187677054,3391666,4037078,0.190293502
Panama,Both,0.319871296,0.252537988,5348.895,14343.964,1.681668644,83.283,120.523,0.447150079,14.12,11.47,-0.187677054,3391666,4037078,0.190293502
Papua New Guinea,Male,0.334781198,0.373965502,1256.979,2509.631,0.996557619,78.933,136.339,0.727275031,14.52,12.62,-0.130853994,6646895,8271760,0.244454742
Papua New Guinea,Female,0.450036019,0.459711639,1256.979,2509.631,0.996557619,78.933,136.339,0.727275031,14.52,12.62,-0.130853994,6646895,8271760,0.244454742
Papua New Guinea,Both,0.367752867,0.400228609,1256.979,2509.631,0.996557619,78.933,136.339,0.727275031,14.52,12.62,-0.130853994,6646895,8271760,0.244454742
Paraguay,Male,0.382021281,0.415356692,2271.09,5319.41,1.342227741,78.197,129.93,0.661572695,15.13,11.65,-0.230006609,5913209,6777872,0.146225679
Paraguay,Female,0.374829188,0.395212674,2271.09,5319.41,1.342227741,78.197,129.93,0.661572695,15.13,11.65,-0.230006609,5913209,6777872,0.146225679
Paraguay,Both,0.380177181,0.410221053,2271.09,5319.41,1.342227741,78.197,129.93,0.661572695,15.13,11.65,-0.230006609,5913209,6777872,0.146225679
Peru,Male,0.220791273,0.230332529,3154.331,6204.997,0.967135662,88.87,121.997,0.372757961,32.3,25.54,-0.209287926,28102056,30926032,0.100490014
Peru,Female,0.364540047,0.38849225,3154.331,6204.997,0.967135662,88.87,121.997,0.372757961,32.3,25.54,-0.209287926,28102056,30926032,0.100490014
Peru,Both,0.286016992,0.301172616,3154.331,6204.997,0.967135662,88.87,121.997,0.372757961,32.3,25.54,-0.209287926,28102056,30926032,0.100490014
Philippines,Male,0.22889783,0.251444776,1452.439,3073.654,1.116201782,82.988,116.877,0.408360245,22.82,18.23,-0.201139351,87888675,103663927,0.179491294
Philippines,Female,0.424823242,0.418498179,1452.439,3073.654,1.116201782,82.988,116.877,0.408360245,22.82,18.23,-0.201139351,87888675,103663927,0.179491294
Philippines,Both,0.280914371,0.295900824,1452.439,3073.654,1.116201782,82.988,116.877,0.408360245,22.82,18.23,-0.201139351,87888675,103663927,0.179491294
Poland,Male,-0.047445349,-0.054986512,9038.655,12431.816,0.375405522,88.001,107.408,0.220531585,26.15,20.98,-0.197705545,38141267,37790087,-0.00920735
Poland,Female,0.255293316,0.224548196,9038.655,12431.816,0.375405522,88.001,107.408,0.220531585,26.15,20.98,-0.197705545,38141267,37790087,-0.00920735
Poland,Both,0.026631722,0.011983835,9038.655,12431.816,0.375405522,88.001,107.408,0.220531585,26.15,20.98,-0.197705545,38141267,37790087,-0.00920735
Portugal,Male,-0.016188134,-0.00440843,19822.846,19978.401,0.007847259,94.617,107.693,0.138199267,10.45,8.05,-0.229665072,10522288,10325452,-0.018706578
Portugal,Female,0.144288418,0.136390145,19822.846,19978.401,0.007847259,94.617,107.693,0.138199267,10.45,8.05,-0.229665072,10522288,10325452,-0.018706578
Portugal,Both,0.017642812,0.02499256,19822.846,19978.401,0.007847259,94.617,107.693,0.138199267,10.45,8.05,-0.229665072,10522288,10325452,-0.018706578
Puerto Rico,Male,0.116552609,0.046250459,22935.941,30627.163,0.335334923,102.3,116.6,0.139784946,10.4,8.34,-0.198076923,3805214,3406672,-0.104735765
Puerto Rico,Female,0.175464742,0.143112268,22935.941,30627.163,0.335334923,102.3,116.6,0.139784946,10.4,8.34,-0.198076923,3805214,3406672,-0.104735765
Puerto Rico,Both,0.135887148,0.082260215,22935.941,30627.163,0.335334923,102.3,116.6,0.139784946,10.4,8.34,-0.198076923,3805214,3406672,-0.104735765
Qatar,Male,1.402179878,1.337091827,59530.154,57163.061,-0.039762924,82.308,115.403,0.402087282,85.33,88.22,0.03386851,1022711,2654374,1.595429207
Qatar,Female,1.564917946,1.480713709,59530.154,57163.061,-0.039762924,82.308,115.403,0.402087282,85.33,88.22,0.03386851,1022711,2654374,1.595429207
Qatar,Both,1.423712472,1.35620714,59530.154,57163.061,-0.039762924,82.308,115.403,0.402087282,85.33,88.22,0.03386851,1022711,2654374,1.595429207
Romania,Male,0.086873741,0.022900416,5757.496,9567.129,0.661682266,78.953,112.441,0.424151077,17.16,14.54,-0.152680653,21193760,19702267,-0.070374157
Romania,Female,0.204976098,0.165390065,5757.496,9567.129,0.661682266,78.953,112.441,0.424151077,17.16,14.54,-0.152680653,21193760,19702267,-0.070374157
Romania,Both,0.109328714,0.05081292,5757.496,9567.129,0.661682266,78.953,112.441,0.424151077,17.16,14.54,-0.152680653,21193760,19702267,-0.070374157
Russia,Male,-0.0770309,-0.091922219,6920.189,8704.898,0.257898881,67.39,162.601,1.412835732,19,16.22,-0.146315789,143049637,144342396,0.009037136
Russia,Female,0.163627708,0.085613106,6920.189,8704.898,0.257898881,67.39,162.601,1.412835732,19,16.22,-0.146315789,143049637,144342396,0.009037136
Russia,Both,-0.037608504,-0.063286146,6920.189,8704.898,0.257898881,67.39,162.601,1.412835732,19,16.22,-0.146315789,143049637,144342396,0.009037136
Rwanda,Male,0.526990098,0.563861284,368.249,748.504,1.03260294,70.498,135.435,0.92111833,42.69,42.84,0.003513703,9043337,11668818,0.290322145
Rwanda,Female,0.617274683,0.698257953,368.249,748.504,1.03260294,70.498,135.435,0.92111833,42.69,42.84,0.003513703,9043337,11668818,0.290322145
Rwanda,Both,0.564918111,0.618011271,368.249,748.504,1.03260294,70.498,135.435,0.92111833,42.69,42.84,0.003513703,9043337,11668818,0.290322145
Samoa,Male,0.100672282,0.123233617,2796.57,4109.165,0.469358893,79.232,109.801,0.385816337,14.21,11.37,-0.199859254,180876,194535,0.075515823
Samoa,Female,0.223147331,0.249798223,2796.57,4109.165,0.469358893,79.232,109.801,0.385816337,14.21,11.37,-0.199859254,180876,194535,0.075515823
Samoa,Both,0.13562381,0.160933108,2796.57,4109.165,0.469358893,79.232,109.801,0.385816337,14.21,11.37,-0.199859254,180876,194535,0.075515823
Saudi Arabia,Male,0.571262509,0.512023527,15384.74,19879.298,0.292143904,78.953,119.028,0.507580459,76.42,84.47,0.105338917,24498310,32442572,0.32427796
Saudi Arabia,Female,0.583774565,0.461211239,15384.74,19879.298,0.292143904,78.953,119.028,0.507580459,76.42,84.47,0.105338917,24498310,32442572,0.32427796
Saudi Arabia,Both,0.575229204,0.49556962,15384.74,19879.298,0.292143904,78.953,119.028,0.507580459,76.42,84.47,0.105338917,24498310,32442572,0.32427796
Senegal,Male,0.515980565,0.535076798,1040.904,1269.902,0.219999155,88.936,105.48,0.186021409,35.55,38.7,0.088607595,11382268,14993528,0.317270688
Senegal,Female,0.743065528,0.768585538,1040.904,1269.902,0.219999155,88.936,105.48,0.186021409,35.55,38.7,0.088607595,11382268,14993528,0.317270688
Senegal,Both,0.583813105,0.598094671,1040.904,1269.902,0.219999155,88.936,105.48,0.186021409,35.55,38.7,0.088607595,11382268,14993528,0.317270688
Serbia,Male,-0.050639454,-0.04215326,4382.617,5756.381,0.313457462,72.862,134.456,0.845351486,29.69,24.78,-0.165375547,7411569,7058322,-0.047661568
Serbia,Female,0.181965258,0.156911072,4382.617,5756.381,0.313457462,72.862,134.456,0.845351486,29.69,24.78,-0.165375547,7411569,7058322,-0.047661568
Serbia,Both,0.004950308,0.004243252,4382.617,5756.381,0.313457462,72.862,134.456,0.845351486,29.69,24.78,-0.165375547,7411569,7058322,-0.047661568
Seychelles,Male,0.067926757,0.057132143,12014.4,15068.62,0.254213277,53.912,119.676,1.219839739,21.77,20.4,-0.062930638,84600,94677,0.119113475
Seychelles,Female,0.148522479,0.116079056,12014.4,15068.62,0.254213277,53.912,119.676,1.219839739,21.77,20.4,-0.062930638,84600,94677,0.119113475
Seychelles,Both,0.087085554,0.071197925,12014.4,15068.62,0.254213277,53.912,119.676,1.219839739,21.77,20.4,-0.062930638,84600,94677,0.119113475
Sierra Leone,Male,0.25620497,0.386916222,323.389,501.416,0.550504192,71.853,148.691,1.069377757,19.31,21.34,0.105126877,5829237,7328838,0.257255109
Sierra Leone,Female,0.491261468,0.616851809,323.389,501.416,0.550504192,71.853,148.691,1.069377757,19.31,21.34,0.105126877,5829237,7328838,0.257255109
Sierra Leone,Both,0.322832673,0.451349555,323.389,501.416,0.550504192,71.853,148.691,1.069377757,19.31,21.34,0.105126877,5829237,7328838,0.257255109
Singapore,Male,0.407031986,0.120404252,33769.154,56828.295,0.682846274,88.799,112.617,0.268223741,20.8,18.8,-0.096153846,4401365,5607283,0.273987274
Singapore,Female,0.723638484,0.333178547,33769.154,56828.295,0.682846274,88.799,112.617,0.268223741,20.8,18.8,-0.096153846,4401365,5607283,0.273987274
Singapore,Both,0.510576991,0.187543265,33769.154,56828.295,0.682846274,88.799,112.617,0.268223741,20.8,18.8,-0.096153846,4401365,5607283,0.273987274
Slovakia,Male,0.155245669,-0.004195958,13159.759,16505.975,0.254276389,90.692,108.171,0.192729237,21.94,17.35,-0.209206928,5373054,5430798,0.010746961
Slovakia,Female,0.417798056,0.271127027,13159.759,16505.975,0.254276389,90.692,108.171,0.192729237,21.94,17.35,-0.209206928,5373054,5430798,0.010746961
Slovakia,Both,0.209882408,0.049659638,13159.759,16505.975,0.254276389,90.692,108.171,0.192729237,21.94,17.35,-0.209206928,5373054,5430798,0.010746961
Slovenia,Male,-0.110233741,-0.12179187,19672.965,21622.581,0.099101279,88.952,105.889,0.190406062,19.42,15.91,-0.180741504,2006868,2065042,0.028987457
Slovenia,Female,0.047918782,0.036537845,19672.965,21622.581,0.099101279,88.952,105.889,0.190406062,19.42,15.91,-0.180741504,2006868,2065042,0.028987457
Slovenia,Both,-0.070074582,-0.08172659,19672.965,21622.581,0.099101279,88.952,105.889,0.190406062,19.42,15.91,-0.180741504,2006868,2065042,0.028987457
Solomon Islands,Male,0.329242329,0.367123112,949.338,1986.416,1.092422298,73.155,125.926,0.721358759,14.18,11.83,-0.165726375,481078,619437,0.28760201
Solomon Islands,Female,0.410278524,0.441476878,949.338,1986.416,1.092422298,73.155,125.926,0.721358759,14.18,11.83,-0.165726375,481078,619437,0.28760201
Solomon Islands,Both,0.349195062,0.385937261,949.338,1986.416,1.092422298,73.155,125.926,0.721358759,14.18,11.83,-0.165726375,481078,619437,0.28760201
South Africa,Male,0.21887144,0.200040969,5602.011,5272.918,-0.058745511,76.666,138.859,0.811220098,26.32,25.14,-0.044832827,48489459,56203654,0.159090144
South Africa,Female,0.347179029,0.295315998,5602.011,5272.918,-0.058745511,76.666,138.859,0.811220098,26.32,25.14,-0.044832827,48489459,56203654,0.159090144
South Africa,Both,0.256061182,0.228074323,5602.011,5272.918,-0.058745511,76.666,138.859,0.811220098,26.32,25.14,-0.044832827,48489459,56203654,0.159090144
South Korea,Male,0.559060132,0.319556937,21743.477,29288.87,0.347018694,88.085,110.895,0.258954419,30.41,25.1,-0.174613614,48438292,51217803,0.057382515
South Korea,Female,0.805782366,0.461912039,21743.477,29288.87,0.347018694,88.085,110.895,0.258954419,30.41,25.1,-0.174613614,48438292,51217803,0.057382515
South Korea,Both,0.6288129,0.358219998,21743.477,29288.87,0.347018694,88.085,110.895,0.258954419,30.41,25.1,-0.174613614,48438292,51217803,0.057382515
South Sudan,Male,0.604337556,0.638168924,1246.677,1119.651,-0.101891669,94.131,1592.385,15.91669057,44.39,44.85,0.010362694,7907406,10832512,0.369919794
South Sudan,Female,0.580208776,0.636887636,1246.677,1119.651,-0.101891669,94.131,1592.385,15.91669057,44.39,44.85,0.010362694,7907406,10832512,0.369919794
South Sudan,Both,0.595425758,0.637708705,1246.677,1119.651,-0.101891669,94.131,1592.385,15.91669057,44.39,44.85,0.010362694,7907406,10832512,0.369919794
Spain,Male,0.028267428,-0.043379576,28365.313,26505.343,-0.065571989,92.091,106.296,0.154249601,11.57,9.7,-0.161624892,44397319,46484062,0.047001554
Spain,Female,0.385764065,0.349838088,28365.313,26505.343,-0.065571989,92.091,106.296,0.154249601,11.57,9.7,-0.161624892,44397319,46484062,0.047001554
Spain,Both,0.080052225,0.014673249,28365.313,26505.343,-0.065571989,92.091,106.296,0.154249601,11.57,9.7,-0.161624892,44397319,46484062,0.047001554
Sri Lanka,Male,0.10390189,0.098729413,1435.817,3886.292,1.706676408,64.088,136.657,1.132333666,30.96,14.03,-0.546834625,19695972,21203000,0.076514528
Sri Lanka,Female,0.427957209,0.392830713,1435.817,3886.292,1.706676408,64.088,136.657,1.132333666,30.96,14.03,-0.546834625,19695972,21203000,0.076514528
Sri Lanka,Both,0.182351712,0.169834086,1435.817,3886.292,1.706676408,64.088,136.657,1.132333666,30.96,14.03,-0.546834625,19695972,21203000,0.076514528
Sudan,Male,0.288613202,0.333953642,905.31,1299.261,0.435155913,64.311,411.914,5.405031799,50.18,54.15,0.079115185,31661823,39847440,0.258532713
Sudan,Female,0.297905205,0.337588847,905.31,1299.261,0.435155913,64.311,411.914,5.405031799,50.18,54.15,0.079115185,31661823,39847440,0.258532713
Sudan,Both,0.291932416,0.335169043,905.31,1299.261,0.435155913,64.311,411.914,5.405031799,50.18,54.15,0.079115185,31661823,39847440,0.258532713
Suriname,Male,0.33791493,0.320083103,5197.717,5539.069,0.065673449,76.727,216.372,1.820024242,29.98,25.32,-0.155436958,505295,564888,0.117937047
Suriname,Female,0.376336942,0.382652648,5197.717,5539.069,0.065673449,76.727,216.372,1.820024242,29.98,25.32,-0.155436958,505295,564888,0.117937047
Suriname,Both,0.350829154,0.34138304,5197.717,5539.069,0.065673449,76.727,216.372,1.820024242,29.98,25.32,-0.155436958,505295,564888,0.117937047
Swaziland,Male,0.016334334,0.076445777,3176.7,3447.696,0.085307394,73.14,146.042,0.996745967,18.3,17.15,-0.06284153,1036092,1113984,0.075178652
Swaziland,Female,0.000385262,-0.018996073,3176.7,3447.696,0.085307394,73.14,146.042,0.996745967,18.3,17.15,-0.06284153,1036092,1113984,0.075178652
Swaziland,Both,0.011899116,0.049308909,3176.7,3447.696,0.085307394,73.14,146.042,0.996745967,18.3,17.15,-0.06284153,1036092,1113984,0.075178652
Sweden,Male,0.03689941,0.031174614,46593.602,51965.157,0.115285249,93.967,104.614,0.113305735,7.17,6.11,-0.147838215,9080505,9923085,0.092789994
Sweden,Female,0.189617087,0.165957735,46593.602,51965.157,0.115285249,93.967,104.614,0.113305735,7.17,6.11,-0.147838215,9080505,9923085,0.092789994
Sweden,Both,0.109010922,0.093102295,46593.602,51965.157,0.115285249,93.967,104.614,0.113305735,7.17,6.11,-0.147838215,9080505,9923085,0.092789994
Switzerland,Male,0.083531271,-0.004939131,57579.502,80172.232,0.392374529,96.724,97.745,0.010555808,12.86,10.34,-0.195956454,7483934,8373338,0.118841775
Switzerland,Female,0.23568617,0.12452931,57579.502,80172.232,0.392374529,96.724,97.745,0.010555808,12.86,10.34,-0.195956454,7483934,8373338,0.118841775
Switzerland,Both,0.135652322,0.0375112,57579.502,80172.232,0.392374529,96.724,97.745,0.010555808,12.86,10.34,-0.195956454,7483934,8373338,0.118841775
Syria,Male,0.242986266,0.267880511,1748.906,1821,0.041222341,77.385,773.4,8.99418492,39.94,43.7,0.094141212,19059258,17453933,-0.084228095
Syria,Female,0.466453064,0.473089082,1748.906,1821,0.041222341,77.385,773.4,8.99418492,39.94,43.7,0.094141212,19059258,17453933,-0.084228095
Syria,Both,0.300847169,0.320133825,1748.906,1821,0.041222341,77.385,773.4,8.99418492,39.94,43.7,0.094141212,19059258,17453933,-0.084228095
Tajikistan,Male,0.229831472,0.242371125,408.839,802.518,0.962919389,64.76,148.568,1.29413218,49.34,43.38,-0.120794487,6922587,8663579,0.25149442
Tajikistan,Female,0.299340003,0.274738737,408.839,802.518,0.962919389,64.76,148.568,1.29413218,49.34,43.38,-0.120794487,6922587,8663579,0.25149442
Tajikistan,Both,0.252159067,0.252626351,408.839,802.518,0.962919389,64.76,148.568,1.29413218,49.34,43.38,-0.120794487,6922587,8663579,0.25149442
Tanzania,Male,0.572307631,0.638669467,485.497,966.475,0.990692013,71.142,166.198,1.336144612,29.57,28.44,-0.038214406,39548663,53050790,0.341405397
Tanzania,Female,0.622687867,0.701848032,485.497,966.475,0.990692013,71.142,166.198,1.336144612,29.57,28.44,-0.038214406,39548663,53050790,0.341405397
Tanzania,Both,0.58862575,0.658886092,485.497,966.475,0.990692013,71.142,166.198,1.336144612,29.57,28.44,-0.038214406,39548663,53050790,0.341405397
Thailand,Male,0.315434181,0.28126266,3369.543,5994.231,0.778944801,90.585,110.551,0.220411768,31.81,26.26,-0.174473436,65812536,68971331,0.047996859
Thailand,Female,0.303594883,0.258669937,3369.543,5994.231,0.778944801,90.585,110.551,0.220411768,31.81,26.26,-0.174473436,65812536,68971331,0.047996859
Thailand,Both,0.311362633,0.273535788,3369.543,5994.231,0.778944801,90.585,110.551,0.220411768,31.81,26.26,-0.174473436,65812536,68971331,0.047996859
The Bahamas,Male,0.384988235,0.398989735,30713.705,31588.835,0.028493143,90.275,109.241,0.210091387,21.07,17.65,-0.162316089,331033,377931,0.141671676
The Bahamas,Female,0.596900164,0.62921448,30713.705,31588.835,0.028493143,90.275,109.241,0.210091387,21.07,17.65,-0.162316089,331033,377931,0.141671676
The Bahamas,Both,0.449130185,0.470388553,30713.705,31588.835,0.028493143,90.275,109.241,0.210091387,21.07,17.65,-0.162316089,331033,377931,0.141671676
The Gambia,Male,0.278790103,0.290867735,662.362,683.998,0.032664917,82.725,140.26,0.695497129,30.28,32.62,0.077278732,1591445,2149139,0.350432469
The Gambia,Female,0.502340029,0.529881324,662.362,683.998,0.032664917,82.725,140.26,0.695497129,30.28,32.62,0.077278732,1591445,2149139,0.350432469
The Gambia,Both,0.333128869,0.3470932,662.362,683.998,0.032664917,82.725,140.26,0.695497129,30.28,32.62,0.077278732,1591445,2149139,0.350432469
Timor-Leste,Male,0.453152633,0.558741647,446.458,1358.202,2.04217194,77.341,140.857,0.82124617,23.492,20.018,-0.147880129,1016432,1219288,0.199576558
Timor-Leste,Female,0.607743662,0.681205929,446.458,1358.202,2.04217194,77.341,140.857,0.82124617,23.492,20.018,-0.147880129,1016432,1219288,0.199576558
Timor-Leste,Both,0.507164068,0.602410756,446.458,1358.202,2.04217194,77.341,140.857,0.82124617,23.492,20.018,-0.147880129,1016432,1219288,0.199576558
Tunisia,Male,0.394521688,0.378436788,3370.034,3697.931,0.097297831,86.883,128.796,0.482407375,33.56,38.45,0.145709178,10201214,11303946,0.108098115
Tunisia,Female,0.505249342,0.484716893,3370.034,3697.931,0.097297831,86.883,128.796,0.482407375,33.56,38.45,0.145709178,10201214,11303946,0.108098115
Tunisia,Both,0.404244432,0.388163386,3370.034,3697.931,0.097297831,86.883,128.796,0.482407375,33.56,38.45,0.145709178,10201214,11303946,0.108098115
Turkey,Male,0.166991862,0.159227451,8035.377,10820.634,0.346624309,72.173,157.425,1.181217353,41.2,44.48,0.07961165,68756810,79821724,0.160928263
Turkey,Female,0.37608722,0.316472568,8035.377,10820.634,0.346624309,72.173,157.425,1.181217353,41.2,44.48,0.07961165,68756810,79821724,0.160928263
Turkey,Both,0.196135593,0.181094437,8035.377,10820.634,0.346624309,72.173,157.425,1.181217353,41.2,44.48,0.07961165,68756810,79821724,0.160928263
Uganda,Male,0.293843574,0.411861213,347.99,730.625,1.099557459,71.554,155.906,1.178857925,45.95,51.94,0.130359086,28571475,39647506,0.387660455
Uganda,Female,0.223386206,0.319305273,347.99,730.625,1.099557459,71.554,155.906,1.178857925,45.95,51.94,0.130359086,28571475,39647506,0.387660455
Uganda,Both,0.263780781,0.37453651,347.99,730.625,1.099557459,71.554,155.906,1.178857925,45.95,51.94,0.130359086,28571475,39647506,0.387660455
Ukraine,Male,-0.139316923,-0.199500526,2300.77,2187.731,-0.049130943,55.837,205.612,2.682361158,23.92,20.62,-0.137959866,46787786,45004674,-0.03811063
Ukraine,Female,0.054936328,-0.068756956,2300.77,2187.731,-0.049130943,55.837,205.612,2.682361158,23.92,20.62,-0.137959866,46787786,45004674,-0.03811063
Ukraine,Both,-0.109744194,-0.179373267,2300.77,2187.731,-0.049130943,55.837,205.612,2.682361158,23.92,20.62,-0.137959866,46787786,45004674,-0.03811063
United Arab Emirates,Male,1.881297501,1.87661595,41907.406,38141.847,-0.089854261,86.953,111.117,0.277897255,38.99,40.52,0.039240831,5300174,9360980,0.766164658
United Arab Emirates,Female,1.867649785,1.856075707,41907.406,38141.847,-0.089854261,86.953,111.117,0.277897255,38.99,40.52,0.039240831,5300174,9360980,0.766164658
United Arab Emirates,Both,1.878884233,1.873247382,41907.406,38141.847,-0.089854261,86.953,111.117,0.277897255,38.99,40.52,0.039240831,5300174,9360980,0.766164658
United Kingdom,Male,0.131675308,0.064696671,44599.698,41064.133,-0.079273295,90.281,112.077,0.241423998,12.54,10.5,-0.162679426,60846820,65611593,0.078307675
United Kingdom,Female,0.187988459,0.118519925,44599.698,41064.133,-0.079273295,90.281,112.077,0.241423998,12.54,10.5,-0.162679426,60846820,65611593,0.078307675
United Kingdom,Both,0.156331884,0.087650136,44599.698,41064.133,-0.079273295,90.281,112.077,0.241423998,12.54,10.5,-0.162679426,60846820,65611593,0.078307675
United States,Male,0.193378986,0.107177751,46298.731,57927.517,0.251168569,92.45,110.067,0.190557058,9.61,7.41,-0.2289282,298379912,322941311,0.08231586
United States,Female,0.237545083,0.136539034,46298.731,57927.517,0.251168569,92.45,110.067,0.190557058,9.61,7.41,-0.2289282,298379912,322941311,0.08231586
United States,Both,0.213503428,0.120154933,46298.731,57927.517,0.251168569,92.45,110.067,0.190557058,9.61,7.41,-0.2289282,298379912,322941311,0.08231586
Uruguay,Male,0.020094912,0.008403302,5887.849,15387.144,1.613372727,75.057,164.567,1.192560321,10.92,9.2,-0.157509158,3325401,3424132,0.029689953
Uruguay,Female,0.373244695,0.345777584,5887.849,15387.144,1.613372727,75.057,164.567,1.192560321,10.92,9.2,-0.157509158,3325401,3424132,0.029689953
Uruguay,Both,0.091818807,0.077365348,5887.849,15387.144,1.613372727,75.057,164.567,1.192560321,10.92,9.2,-0.157509158,3325401,3424132,0.029689953
Vanuatu,Male,0.315503896,0.335079054,2049.619,2889.853,0.409946434,85.624,108.052,0.261935906,14.19,11.59,-0.183227625,214370,278330,0.298362644
Vanuatu,Female,0.527883509,0.557452072,2049.619,2889.853,0.409946434,85.624,108.052,0.261935906,14.19,11.59,-0.183227625,214370,278330,0.298362644
Vanuatu,Both,0.368876253,0.391401621,2049.619,2889.853,0.409946434,85.624,108.052,0.261935906,14.19,11.59,-0.183227625,214370,278330,0.298362644
Venezuela,Male,0.455284343,0.415394399,6833.378,16054.491,1.34942235,61.387,2740.274,43.63932103,22.37,16.77,-0.25033527,26850194,29846179,0.111581503
Venezuela,Female,0.604186726,0.583642889,6833.378,16054.491,1.34942235,61.387,2740.274,43.63932103,22.37,16.77,-0.25033527,26850194,29846179,0.111581503
Venezuela,Both,0.510861082,0.477569558,6833.378,16054.491,1.34942235,61.387,2740.274,43.63932103,22.37,16.77,-0.25033527,26850194,29846179,0.111581503
Vietnam,Male,0.333761189,0.311512803,784.372,2192.215,1.794866466,64.327,148.407,1.307071681,37.75,30.24,-0.198940397,84617540,93638724,0.106611277
Vietnam,Female,0.346099893,0.334356884,784.372,2192.215,1.794866466,64.327,148.407,1.307071681,37.75,30.24,-0.198940397,84617540,93638724,0.106611277
Vietnam,Both,0.338645804,0.320792371,784.372,2192.215,1.794866466,64.327,148.407,1.307071681,37.75,30.24,-0.198940397,84617540,93638724,0.106611277
Yemen,Male,0.503863788,0.523885236,921.418,1033.733,0.121893647,66.469,157.583,1.370774346,45.14,50.13,0.110544971,20687646,27168210,0.31325768
Yemen,Female,0.503867678,0.506947273,921.418,1033.733,0.121893647,66.469,157.583,1.370774346,45.14,50.13,0.110544971,20687646,27168210,0.31325768
Yemen,Both,0.503864874,0.519258589,921.418,1033.733,0.121893647,66.469,157.583,1.370774346,45.14,50.13,0.110544971,20687646,27168210,0.31325768
Zambia,Male,0.450617274,0.573860081,1047.919,1280.579,0.222020977,65.32,169.782,1.599234538,28.95,27.36,-0.05492228,12173514,16363507,0.344189278
Zambia,Female,0.465549564,0.536294571,1047.919,1280.579,0.222020977,65.32,169.782,1.599234538,28.95,27.36,-0.05492228,12173514,16363507,0.344189278
Zambia,Both,0.455221543,0.561748218,1047.919,1280.579,0.222020977,65.32,169.782,1.599234538,28.95,27.36,-0.05492228,12173514,16363507,0.344189278
Zimbabwe,Male,0.028863167,0.100493221,447.855,1464.584,2.270219156,97.055,104.561,0.077337592,23.31,21.73,-0.067782068,12155491,14030390,0.154242967
Zimbabwe,Female,-0.153948521,-0.111487713,447.855,1464.584,2.270219156,97.055,104.561,0.077337592,23.31,21.73,-0.067782068,12155491,14030390,0.154242967
Zimbabwe,Both,-0.0358657,0.023963995,447.855,1464.584,2.270219156,97.055,104.561,0.077337592,23.31,21.73,-0.067782068,12155491,14030390,0.154242967